,BOND,ANGLE,DIHED,UB,IMP,CMAP,VDWAALS,EEL,1-4 VDW,1-4 EEL,EPB,ENPOLAR,EDISPER,GGAS,GSOLV,TOTAL
alpha_WT,684.2480838,1506.84994,2036.027665,186.5348503,102.9611677,-101.2499102,-1306.134731,-11505.97305,726.8986527,7816.272814,-2080.001198,82.16904192,0,146.4351796,-1997.832186,-1851.397305
omic_WT,694.9123653,1529.419641,2032.44024,189.0962575,101.1638623,-93.70664671,-1287.148683,-10679.02012,744.7911677,7217.813383,-2497.595958,59.47823353,0,449.7614072,-2438.118114,-1988.356617
E484A,684.483922,1517.98075,2035.89455,186.086317,103.608713,-108.68937,-1304.6838,-11415.436,723.197695,7805.40045,-2089.5823,56.6795808,0,227.843593,-2032.9032,-1805.0597
N440K,687.7723353,1520.046078,2040.176377,186.6521557,103.0334731,-108.3661377,-1316.833323,-11504.13725,725.4433832,7912.568024,-2182.234731,56.49266467,0,246.3553593,-2125.742246,-1879.386617
N501Y,689.5506886,1518.52003,2049.427934,185.5685928,103.3735629,-113.9789222,-1312.654491,-11533.76802,737.5753293,7857.376737,-2075.092575,57.33476048,0,180.9908982,-2017.758084,-1836.767575
Q493R,691.6025749,1519.525599,2034.704341,187.3186228,102.9282635,-103.3666467,-1315.266287,-11280.95377,727.4663772,7436.847635,-2167.366048,56.42520958,0,0.80760479,-2110.941138,-2110.133743
Q498R,690.7875449,1517.770329,2037.131138,186.8473054,103.4769162,-100.4333234,-1319.783713,-11260.67925,727.972515,7423.568174,-2176.05994,56.35982036,0,6.657155689,-2119.70024,-2113.043114
S477N,687.9329042,1513.441347,2046.01,187.6105689,103.4261677,-109.8244611,-1324.74024,-11503.20871,724.2520958,7729.02018,-2088.396078,55.23703593,0,53.91952096,-2033.158952,-1979.239281
T478K,683.9131138,1515.513952,2038.686707,187.8150299,103.8266467,-103.9026647,-1311.582754,-11495.78314,725.0797605,7861.456886,-2185.964431,57.39233533,0,205.0233533,-2128.571886,-1923.548623
Y505H,684.7980539,1510.246407,2030.468982,186.01,104.0571557,-102.9285928,-1303.559311,-11513.80554,713.0915569,7811.524012,-2110.38012,57.23245509,0,119.9027844,-2053.147754,-1933.24476